disease_status,prs,age,sex,bmi,hemoglobin,white_blood_cell_count,platelet_count,smoking,family_history,physical_activity_score,snp_rs123_risk_alleles,snp_rs456_risk_alleles,snp_rs789_risk_alleles
0,0.5455718399038137,28,0,33.836539333194764,16.650538102076663,5.645048686005674,300.4895622682514,0,0,8.42325504749934,0,0,2
1,1.0682780459379209,53,0,30.779486402319648,13.241804855384379,8.343494582154582,180.07343978679882,0,0,3.732411563792338,2,1,0
1,3.041305764779791,30,1,24.34209041963428,9.669018770129606,7.7878239464723045,313.11702434969595,1,0,6.31988680396189,2,1,2
0,1.1339190223180111,60,0,22.924909943301017,14.955107432251292,5.249949184687511,191.2626852335638,0,0,0.9537160227305863,0,2,2
0,-1.5251425866576072,20,0,24.75868549607442,15.479499879756517,6.167611994539719,298.64221932099963,0,0,1.036785807342765,2,0,2
0,0.6864543147694276,50,0,23.025548514652172,13.492506638344832,4.638435874699322,282.11040826294595,1,0,0.48657663661713313,0,1,1
0,-0.16178646476838798,23,1,21.04409845194975,14.633484117608875,8.960969999041144,299.1178397067939,0,0,5.810150933751094,1,2,1
1,1.7426860881715924,67,0,30.156568432402366,14.379565581912,6.488237284658936,177.69978873405836,0,1,4.2607097762609705,0,0,2
0,-0.29252073843270066,73,1,24.894013341371004,12.285451160516548,10.584311821521265,285.2757845640635,0,0,5.480323566642401,2,0,2
1,1.1405727656029119,27,1,29.39280274508096,10.991810209758778,7.162200488080043,315.1356205844903,0,1,5.210731905083879,0,1,0
0,1.0049872789804573,22,1,31.93193706107644,15.385398651988424,6.560519393194246,261.60374698970446,1,0,3.5020299109073028,2,1,0
1,2.3165905222386796,40,1,27.919558788113967,12.663712868650753,6.366356477416405,200.8829992237254,0,1,6.774734148234729,1,0,1
1,0.6386118398223128,27,1,22.53944528804857,15.304312000990661,6.511600329615144,305.1848568596794,1,0,7.585018809163907,0,0,1
0,0.16549876415905163,61,1,24.005537538732245,15.13958762380754,7.221642190267606,256.83517768604617,0,0,0.14628258877675715,1,1,0
0,0.025054688839043826,19,0,29.852126085583212,12.864489873651612,12.024815153156638,149.53334417033824,0,0,2.072422997688783,2,0,2
0,-0.1533292325737119,30,1,29.383851353584774,14.86438530293081,6.322280659801281,196.22863226100037,0,0,7.132358680833368,2,1,1
0,2.265454240281097,57,0,28.593198238067835,11.715746913407653,6.387293078457381,218.42232812638156,0,0,3.8662017263383417,1,0,2
0,0.9049817109609555,19,0,22.876466384189484,13.499362576534013,7.131187691366357,340.3490972583794,0,0,6.624839469416082,0,1,0
0,-0.7608839543350452,37,1,29.75951309016349,15.005598461932808,9.18054901268852,329.81098517837285,1,1,3.4696265973455844,0,2,1
0,1.4178619470547762,18,1,30.88449539018533,13.27897156655222,4.158030877854442,329.61811186340054,0,0,3.907551523296371,2,1,1
0,2.6221561970126332,54,0,22.52289185055012,18.0,7.910185473819291,263.941616661032,0,1,1.5867887368968492,1,1,0
0,1.5324652605511468,26,1,25.792149512287377,10.215631502352666,5.365149647957676,304.81568750675194,0,1,2.5823101966616004,1,2,1
0,-1.0193699659540134,34,1,36.10200981841056,12.905019286002378,8.106545377901899,181.55323547884655,0,0,6.054117575075873,0,0,0
0,0.015765927133748636,26,1,22.300628617683063,12.124440332260178,6.012480115279088,250.40818590356628,0,0,4.331631113151664,0,2,1
0,1.7669111491866227,28,1,17.474566653781377,12.599302385084092,3.0,277.0979620989758,1,1,7.743026829445951,0,1,0
1,0.8041542085257587,32,1,36.26074792852674,11.196835954799846,7.739155205374971,185.5060565614528,0,1,8.525849549383427,1,0,1
0,0.9438194281462284,41,1,31.6830238585228,11.347158626282013,7.722289540693737,262.5947253785122,0,0,5.416464182167599,0,2,2
0,1.2746340534293368,55,1,23.715163382112877,15.505404297145255,5.84183938304114,351.19835114826066,0,1,7.582672920560592,0,0,2
0,-0.42693047157808295,72,1,25.435041090659567,12.905809405225797,5.723312279713995,283.52618707363763,1,0,3.0690451319457,2,0,2
0,0.4404746439381999,52,1,19.87532474905524,14.32714667117731,4.377254549824695,305.0527123998472,1,0,4.149712154000782,0,2,1
0,-2.7412673400690726,47,1,26.44476136304851,13.13034847617951,8.546199883077744,102.85558459406425,0,0,7.12777676216831,0,0,1
0,-0.5243876413342898,48,0,31.829568576857003,12.618239175427581,8.764431564933616,343.47813094917547,0,0,3.8621199281703067,1,2,2
0,0.2474318486068397,66,0,23.28697579120861,17.3445584721737,5.24189822964822,238.83265913486983,1,0,5.885049351589888,1,1,2
1,-0.020587565008459485,22,0,32.90776052994924,13.031281181968343,5.920131080922299,203.87882115579745,0,1,1.8537277908251149,2,0,0
1,2.6245005416318676,61,0,30.220704040509254,8.554490216785737,6.873421757722073,239.5217288914042,1,1,5.99771314970498,0,1,0
1,0.23885879385511233,67,1,33.16151917485258,8.638665085532713,11.541730562071093,160.89867050314615,0,1,8.615137072268936,2,1,0
0,0.05995551330301624,31,1,23.57845409706816,16.085217671272975,8.090243495177864,312.87652370512853,0,0,8.686396398234256,1,0,2
0,0.6307405772860913,70,1,24.226879085332527,12.960293216902492,5.113168969983241,229.87625663357244,1,0,7.243444063295397,2,2,2
0,1.9412732890661155,73,0,16.766137827642993,10.701835332131555,7.607560618981011,205.68215127843584,1,0,7.457533790761261,1,0,2
0,-0.9358621511794394,28,1,23.16665293744947,16.09147026508068,4.246616918723836,239.9166960586981,0,0,5.579274451507007,2,1,0
0,1.6631637521549596,26,1,31.817427290156296,14.33824810019818,8.435980619832343,317.08093927456844,0,0,5.846680901658248,2,1,1
0,0.5102330610195871,51,1,21.35333902948863,14.503142169664638,10.351094787088972,257.88750404687323,0,0,1.33650581410518,0,2,2
0,-0.48150865104795093,29,1,22.098491730715477,15.619078544011815,10.359583370167917,165.41837382799199,0,0,4.438591884213011,2,0,1
1,1.4726918465380563,52,1,32.08998624081551,9.479014547927555,8.469787006948678,277.8988497844649,0,0,4.507762838863638,0,1,1
0,0.69905969557347,52,0,28.01384145996547,10.73699835723167,5.833175288263741,194.2612027406425,0,0,9.584978356677402,0,1,1
0,-0.10021687715879468,18,1,29.449316248981503,17.161908589806405,4.398196486971749,120.63393811751101,1,0,4.310868626232894,0,1,0
0,0.5698020849900189,57,0,20.18389729954798,11.125666478515415,4.199589913261782,339.7604327630307,0,0,5.493426449027576,0,2,1
0,0.1146864031382398,39,0,38.82028974650173,11.555524405848871,3.0,277.43379248966136,0,0,5.332513992791025,2,1,2
0,0.613517345251248,46,1,19.92123312916375,11.955129240908468,8.387711526015844,245.30376017179512,0,0,6.367617170443271,1,1,0
0,1.1621306745210467,25,0,26.77123656867034,18.0,6.794328959551201,229.26342911819808,0,0,7.482328313318959,1,0,2
